"HYBAS_ID","Quarter.x","UnitAbundance","Year","TimeSeriesID","SurveyID","Species","Abundance","SourceID","SiteID","Protocol","BioRealm","HydroBasin","Country","Region","Province","Waterbody","lat","long","ZONE","ROW_","ORD_STRA","ORD_STRA2","dis_m3_pyr","ele_mt_cav","tmp_dc_cyr","pre_mm_cyr","hft_ix_c93","hft_ix_c09","CSI","CSI_FF2"
"1",2070513970,"3","Count",2014,"G124","bal469","Barbatula barbatula",7,4,"S10691","Electrofishing_backpack","Palearctic",2080008490,"HUN","VAS","VASVAR","SZEPLAKI-PATAK",47.03152,16.97973,33,"TRUE",1,1,0.127,190,99,638,121,108,99.78285,1
"2",2070513970,"3","Count",2014,"G139","bal474","Alburnus alburnus",19,4,"S11848","Electrofishing_backpack","Palearctic",2080008490,"HUN","ZALA","ZALASZENTGROT","ZALA",46.97804,17.02972,33,"TRUE",3,3,4.97,140,103,634,161,221,99.50285,1
"3",2070513970,"3","Count",2014,"G139","bal474","Barbatula barbatula",1,4,"S11848","Electrofishing_backpack","Palearctic",2080008490,"HUN","ZALA","ZALASZENTGROT","ZALA",46.97804,17.02972,33,"TRUE",3,3,4.97,140,103,634,161,221,99.50285,1
"4",2070513970,"3","Count",2014,"G139","bal474","Barbus barbus",1,4,"S11848","Electrofishing_backpack","Palearctic",2080008490,"HUN","ZALA","ZALASZENTGROT","ZALA",46.97804,17.02972,33,"TRUE",3,3,4.97,140,103,634,161,221,99.50285,1
"5",2070513970,"3","Count",2014,"G139","bal474","Esox lucius",1,4,"S11848","Electrofishing_backpack","Palearctic",2080008490,"HUN","ZALA","ZALASZENTGROT","ZALA",46.97804,17.02972,33,"TRUE",3,3,4.97,140,103,634,161,221,99.50285,1
"6",2070513970,"3","Count",2014,"G139","bal474","Gobio gobio",2,4,"S11848","Electrofishing_backpack","Palearctic",2080008490,"HUN","ZALA","ZALASZENTGROT","ZALA",46.97804,17.02972,33,"TRUE",3,3,4.97,140,103,634,161,221,99.50285,1
"7",2070513970,"3","Count",2014,"G139","bal474","Lepomis gibbosus",2,4,"S11848","Electrofishing_backpack","Palearctic",2080008490,"HUN","ZALA","ZALASZENTGROT","ZALA",46.97804,17.02972,33,"TRUE",3,3,4.97,140,103,634,161,221,99.50285,1
"8",2070513970,"3","Count",2014,"G139","bal474","Leuciscus aspius",2,4,"S11848","Electrofishing_backpack","Palearctic",2080008490,"HUN","ZALA","ZALASZENTGROT","ZALA",46.97804,17.02972,33,"TRUE",3,3,4.97,140,103,634,161,221,99.50285,1
"9",2070513970,"3","Count",2014,"G139","bal474","Perca fluviatilis",8,4,"S11848","Electrofishing_backpack","Palearctic",2080008490,"HUN","ZALA","ZALASZENTGROT","ZALA",46.97804,17.02972,33,"TRUE",3,3,4.97,140,103,634,161,221,99.50285,1
"10",2070513970,"3","Count",2014,"G139","bal474","Romanogobio vladykovi",2,4,"S11848","Electrofishing_backpack","Palearctic",2080008490,"HUN","ZALA","ZALASZENTGROT","ZALA",46.97804,17.02972,33,"TRUE",3,3,4.97,140,103,634,161,221,99.50285,1
"11",2070513970,"3","Count",2014,"G139","bal474","Rutilus rutilus",68,4,"S11848","Electrofishing_backpack","Palearctic",2080008490,"HUN","ZALA","ZALASZENTGROT","ZALA",46.97804,17.02972,33,"TRUE",3,3,4.97,140,103,634,161,221,99.50285,1
"12",2070513970,"3","Count",2014,"G139","bal474","Squalius cephalus",8,4,"S11848","Electrofishing_backpack","Palearctic",2080008490,"HUN","ZALA","ZALASZENTGROT","ZALA",46.97804,17.02972,33,"TRUE",3,3,4.97,140,103,634,161,221,99.50285,1
"13",2070513970,"3","Count",2014,"G119","bal468","Alburnus alburnus",4,4,"S10201","Electrofishing_backpack","Palearctic",2080008490,"HUN","ZALA","PACSA/ZALAEGERSZEG","SARVIZ",46.88997,16.89636,33,"TRUE",1,1,0.049,195,99,664,146,133,99.96085,1
"14",2070513970,"3","Count",2014,"G119","bal468","Barbatula barbatula",39,4,"S10201","Electrofishing_backpack","Palearctic",2080008490,"HUN","ZALA","PACSA/ZALAEGERSZEG","SARVIZ",46.88997,16.89636,33,"TRUE",1,1,0.049,195,99,664,146,133,99.96085,1
"15",2070513970,"3","Count",2014,"G119","bal468","Esox lucius",12,4,"S10201","Electrofishing_backpack","Palearctic",2080008490,"HUN","ZALA","PACSA/ZALAEGERSZEG","SARVIZ",46.88997,16.89636,33,"TRUE",1,1,0.049,195,99,664,146,133,99.96085,1
"16",2070513970,"3","Count",2014,"G119","bal468","Gobio gobio",16,4,"S10201","Electrofishing_backpack","Palearctic",2080008490,"HUN","ZALA","PACSA/ZALAEGERSZEG","SARVIZ",46.88997,16.89636,33,"TRUE",1,1,0.049,195,99,664,146,133,99.96085,1
"17",2070513970,"3","Count",2014,"G119","bal468","Lepomis gibbosus",1,4,"S10201","Electrofishing_backpack","Palearctic",2080008490,"HUN","ZALA","PACSA/ZALAEGERSZEG","SARVIZ",46.88997,16.89636,33,"TRUE",1,1,0.049,195,99,664,146,133,99.96085,1
"18",2070513970,"3","Count",2014,"G119","bal468","Rutilus rutilus",33,4,"S10201","Electrofishing_backpack","Palearctic",2080008490,"HUN","ZALA","PACSA/ZALAEGERSZEG","SARVIZ",46.88997,16.89636,33,"TRUE",1,1,0.049,195,99,664,146,133,99.96085,1
"19",2070513970,"3","Count",2014,"G119","bal468","Squalius cephalus",6,4,"S10201","Electrofishing_backpack","Palearctic",2080008490,"HUN","ZALA","PACSA/ZALAEGERSZEG","SARVIZ",46.88997,16.89636,33,"TRUE",1,1,0.049,195,99,664,146,133,99.96085,1
"20",2070513970,"3","Count",2014,"G107","bal466","Abramis brama",2,4,"S8399","Electrofishing_backpack","Palearctic",2080008490,"HUN","ZALA","PACSA/ZALAEGERSZEG","FOGLAR-CSATORNA",46.8846,16.97969,33,"TRUE",2,2,0.29,175,101,661,120,80,99.875,1
"21",2070513970,"3","Count",2014,"G107","bal466","Barbatula barbatula",10,4,"S8399","Electrofishing_backpack","Palearctic",2080008490,"HUN","ZALA","PACSA/ZALAEGERSZEG","FOGLAR-CSATORNA",46.8846,16.97969,33,"TRUE",2,2,0.29,175,101,661,120,80,99.875,1
"22",2070513970,"3","Count",2014,"G107","bal466","Esox lucius",1,4,"S8399","Electrofishing_backpack","Palearctic",2080008490,"HUN","ZALA","PACSA/ZALAEGERSZEG","FOGLAR-CSATORNA",46.8846,16.97969,33,"TRUE",2,2,0.29,175,101,661,120,80,99.875,1
"23",2070513970,"3","Count",2014,"G107","bal466","Lepomis gibbosus",2,4,"S8399","Electrofishing_backpack","Palearctic",2080008490,"HUN","ZALA","PACSA/ZALAEGERSZEG","FOGLAR-CSATORNA",46.8846,16.97969,33,"TRUE",2,2,0.29,175,101,661,120,80,99.875,1
"24",2070513970,"3","Count",2014,"G107","bal466","Leucaspius delineatus",36,4,"S8399","Electrofishing_backpack","Palearctic",2080008490,"HUN","ZALA","PACSA/ZALAEGERSZEG","FOGLAR-CSATORNA",46.8846,16.97969,33,"TRUE",2,2,0.29,175,101,661,120,80,99.875,1
"25",2070513970,"3","Count",2014,"G107","bal466","Pseudorasbora parva",10,4,"S8399","Electrofishing_backpack","Palearctic",2080008490,"HUN","ZALA","PACSA/ZALAEGERSZEG","FOGLAR-CSATORNA",46.8846,16.97969,33,"TRUE",2,2,0.29,175,101,661,120,80,99.875,1
"26",2070513970,"3","Count",2014,"G107","bal466","Rutilus rutilus",4,4,"S8399","Electrofishing_backpack","Palearctic",2080008490,"HUN","ZALA","PACSA/ZALAEGERSZEG","FOGLAR-CSATORNA",46.8846,16.97969,33,"TRUE",2,2,0.29,175,101,661,120,80,99.875,1
"27",2070513970,"3","Count",2014,"G122","bal633","Barbatula barbatula",18,4,"S10456","Electrofishing_backpack","Palearctic",2080008490,"HUN","VAS","ORISZENTPETER","SZENTJAKABI-PATAK",46.86149,16.52968,33,"TRUE",1,1,0.109,246,95,738,79,78,99.8331,1
"28",2070513970,"3","Count",2014,"G122","bal633","Gobio gobio",4,4,"S10456","Electrofishing_backpack","Palearctic",2080008490,"HUN","VAS","ORISZENTPETER","SZENTJAKABI-PATAK",46.86149,16.52968,33,"TRUE",1,1,0.109,246,95,738,79,78,99.8331,1
"29",2070513970,"3","Count",2014,"G122","bal633","Phoxinus phoxinus",55,4,"S10456","Electrofishing_backpack","Palearctic",2080008490,"HUN","VAS","ORISZENTPETER","SZENTJAKABI-PATAK",46.86149,16.52968,33,"TRUE",1,1,0.109,246,95,738,79,78,99.8331,1
"30",2070513970,"3","Count",2014,"G130","bal398","Carassius gibelio",1,4,"S11382","Electrofishing_backpack","Palearctic",2080008490,"HUN","VESZPREM","TAPOLCA","TAPOLCA-PATAK",46.86394,17.44635,33,"TRUE",1,1,0.054,137,105,614,331,304,99.53825,1
"31",2070513970,"3","Count",2014,"G130","bal398","Gobio gobio",12,4,"S11382","Electrofishing_backpack","Palearctic",2080008490,"HUN","VESZPREM","TAPOLCA","TAPOLCA-PATAK",46.86394,17.44635,33,"TRUE",1,1,0.054,137,105,614,331,304,99.53825,1
"32",2070513970,"3","Count",2014,"G130","bal398","Oncorhynchus mykiss",2,4,"S11382","Electrofishing_backpack","Palearctic",2080008490,"HUN","VESZPREM","TAPOLCA","TAPOLCA-PATAK",46.86394,17.44635,33,"TRUE",1,1,0.054,137,105,614,331,304,99.53825,1
"33",2070513970,"3","Count",2014,"G130","bal398","Rutilus rutilus",99,4,"S11382","Electrofishing_backpack","Palearctic",2080008490,"HUN","VESZPREM","TAPOLCA","TAPOLCA-PATAK",46.86394,17.44635,33,"TRUE",1,1,0.054,137,105,614,331,304,99.53825,1
"34",2070513970,"3","Count",2014,"G130","bal398","Squalius cephalus",95,4,"S11382","Electrofishing_backpack","Palearctic",2080008490,"HUN","VESZPREM","TAPOLCA","TAPOLCA-PATAK",46.86394,17.44635,33,"TRUE",1,1,0.054,137,105,614,331,304,99.53825,1
"35",2070513970,"3","Count",2014,"G140","bal636","Alburnus alburnus",56,4,"S11860","Electrofishing_backpack","Palearctic",2080008490,"HUN","ZALA","PACSA/ZALAEGERSZEG","ZALA",46.85027,16.62968,33,"TRUE",2,2,1.238,219,97,714,177,157,99.7313,1
"36",2070513970,"3","Count",2014,"G140","bal636","Barbatula barbatula",146,4,"S11860","Electrofishing_backpack","Palearctic",2080008490,"HUN","ZALA","PACSA/ZALAEGERSZEG","ZALA",46.85027,16.62968,33,"TRUE",2,2,1.238,219,97,714,177,157,99.7313,1
"37",2070513970,"3","Count",2014,"G140","bal636","Blicca bjoerkna",1,4,"S11860","Electrofishing_backpack","Palearctic",2080008490,"HUN","ZALA","PACSA/ZALAEGERSZEG","ZALA",46.85027,16.62968,33,"TRUE",2,2,1.238,219,97,714,177,157,99.7313,1
"38",2070513970,"3","Count",2014,"G140","bal636","Gobio gobio",141,4,"S11860","Electrofishing_backpack","Palearctic",2080008490,"HUN","ZALA","PACSA/ZALAEGERSZEG","ZALA",46.85027,16.62968,33,"TRUE",2,2,1.238,219,97,714,177,157,99.7313,1
"39",2070513970,"3","Count",2014,"G140","bal636","Rutilus rutilus",9,4,"S11860","Electrofishing_backpack","Palearctic",2080008490,"HUN","ZALA","PACSA/ZALAEGERSZEG","ZALA",46.85027,16.62968,33,"TRUE",2,2,1.238,219,97,714,177,157,99.7313,1
"40",2070513970,"3","Count",2014,"G140","bal636","Squalius cephalus",62,4,"S11860","Electrofishing_backpack","Palearctic",2080008490,"HUN","ZALA","PACSA/ZALAEGERSZEG","ZALA",46.85027,16.62968,33,"TRUE",2,2,1.238,219,97,714,177,157,99.7313,1
"41",2070513970,"3","Count",2014,"G127","bal634","Abramis brama",9,4,"S11036","Electrofishing_backpack","Palearctic",2080008490,"HUN","VAS","ORISZENTPETER","SZOCEI-PATAK",46.84541,16.56301,33,"TRUE",1,1,0.132,241,95,721,145,129,99.92365,1
"42",2070513970,"3","Count",2014,"G127","bal634","Alburnus alburnus",6,4,"S11036","Electrofishing_backpack","Palearctic",2080008490,"HUN","VAS","ORISZENTPETER","SZOCEI-PATAK",46.84541,16.56301,33,"TRUE",1,1,0.132,241,95,721,145,129,99.92365,1
"43",2070513970,"3","Count",2014,"G127","bal634","Barbatula barbatula",9,4,"S11036","Electrofishing_backpack","Palearctic",2080008490,"HUN","VAS","ORISZENTPETER","SZOCEI-PATAK",46.84541,16.56301,33,"TRUE",1,1,0.132,241,95,721,145,129,99.92365,1
"44",2070513970,"3","Count",2014,"G127","bal634","Gobio gobio",16,4,"S11036","Electrofishing_backpack","Palearctic",2080008490,"HUN","VAS","ORISZENTPETER","SZOCEI-PATAK",46.84541,16.56301,33,"TRUE",1,1,0.132,241,95,721,145,129,99.92365,1
"45",2070513970,"3","Count",2014,"G127","bal634","Perca fluviatilis",4,4,"S11036","Electrofishing_backpack","Palearctic",2080008490,"HUN","VAS","ORISZENTPETER","SZOCEI-PATAK",46.84541,16.56301,33,"TRUE",1,1,0.132,241,95,721,145,129,99.92365,1
"46",2070513970,"3","Count",2014,"G127","bal634","Rhodeus sericeus",7,4,"S11036","Electrofishing_backpack","Palearctic",2080008490,"HUN","VAS","ORISZENTPETER","SZOCEI-PATAK",46.84541,16.56301,33,"TRUE",1,1,0.132,241,95,721,145,129,99.92365,1
"47",2070513970,"3","Count",2014,"G127","bal634","Rutilus rutilus",10,4,"S11036","Electrofishing_backpack","Palearctic",2080008490,"HUN","VAS","ORISZENTPETER","SZOCEI-PATAK",46.84541,16.56301,33,"TRUE",1,1,0.132,241,95,721,145,129,99.92365,1
"48",2070513970,"3","Count",2014,"G127","bal634","Squalius cephalus",22,4,"S11036","Electrofishing_backpack","Palearctic",2080008490,"HUN","VAS","ORISZENTPETER","SZOCEI-PATAK",46.84541,16.56301,33,"TRUE",1,1,0.132,241,95,721,145,129,99.92365,1
"49",2070513970,"3","Count",2014,"G120","bal632","Barbatula barbatula",25,4,"S10326","Electrofishing_backpack","Palearctic",2080008490,"HUN","ZALA","PACSA/ZALAEGERSZEG","SZENTJAKABI-PATAK",46.84321,16.56301,33,"TRUE",2,2,0.785,235,96,736,151,149,99.88765,1
"50",2070513970,"3","Count",2014,"G120","bal632","Gobio gobio",39,4,"S10326","Electrofishing_backpack","Palearctic",2080008490,"HUN","ZALA","PACSA/ZALAEGERSZEG","SZENTJAKABI-PATAK",46.84321,16.56301,33,"TRUE",2,2,0.785,235,96,736,151,149,99.88765,1
"51",2070513970,"3","Count",2014,"G120","bal632","Perca fluviatilis",1,4,"S10326","Electrofishing_backpack","Palearctic",2080008490,"HUN","ZALA","PACSA/ZALAEGERSZEG","SZENTJAKABI-PATAK",46.84321,16.56301,33,"TRUE",2,2,0.785,235,96,736,151,149,99.88765,1
"52",2070513970,"3","Count",2014,"G120","bal632","Phoxinus phoxinus",30,4,"S10326","Electrofishing_backpack","Palearctic",2080008490,"HUN","ZALA","PACSA/ZALAEGERSZEG","SZENTJAKABI-PATAK",46.84321,16.56301,33,"TRUE",2,2,0.785,235,96,736,151,149,99.88765,1
"53",2070513970,"3","Count",2014,"G120","bal632","Squalius cephalus",28,4,"S10326","Electrofishing_backpack","Palearctic",2080008490,"HUN","ZALA","PACSA/ZALAEGERSZEG","SZENTJAKABI-PATAK",46.84321,16.56301,33,"TRUE",2,2,0.785,235,96,736,151,149,99.88765,1
"54",2070513970,"3","Count",2014,"G132","bal631","Alburnus alburnus",2,4,"S2672","Electrofishing_backpack","Palearctic",2080008490,"HUN","VAS","ORISZENTPETER","DENKE-PATAK",46.8371,16.49634,33,"TRUE",1,1,0.565,259,94,763,141,106,99.81425,1
"55",2070513970,"3","Count",2014,"G132","bal631","Barbatula barbatula",21,4,"S2672","Electrofishing_backpack","Palearctic",2080008490,"HUN","VAS","ORISZENTPETER","DENKE-PATAK",46.8371,16.49634,33,"TRUE",1,1,0.565,259,94,763,141,106,99.81425,1
"56",2070513970,"3","Count",2014,"G132","bal631","Gobio gobio",14,4,"S2672","Electrofishing_backpack","Palearctic",2080008490,"HUN","VAS","ORISZENTPETER","DENKE-PATAK",46.8371,16.49634,33,"TRUE",1,1,0.565,259,94,763,141,106,99.81425,1
"57",2070513970,"3","Count",2014,"G132","bal631","Phoxinus phoxinus",46,4,"S2672","Electrofishing_backpack","Palearctic",2080008490,"HUN","VAS","ORISZENTPETER","DENKE-PATAK",46.8371,16.49634,33,"TRUE",1,1,0.565,259,94,763,141,106,99.81425,1
"58",2070513970,"3","Count",2014,"G132","bal631","Rhodeus sericeus",14,4,"S2672","Electrofishing_backpack","Palearctic",2080008490,"HUN","VAS","ORISZENTPETER","DENKE-PATAK",46.8371,16.49634,33,"TRUE",1,1,0.565,259,94,763,141,106,99.81425,1
"59",2070513970,"3","Count",2014,"G132","bal631","Squalius cephalus",4,4,"S2672","Electrofishing_backpack","Palearctic",2080008490,"HUN","VAS","ORISZENTPETER","DENKE-PATAK",46.8371,16.49634,33,"TRUE",1,1,0.565,259,94,763,141,106,99.81425,1
"60",2070513970,"3","Count",2014,"G135","bal635","Barbatula barbatula",21,4,"S11783","Electrofishing_backpack","Palearctic",2080008490,"HUN","VAS","ORISZENTPETER","ZALA",46.83985,16.42968,33,"TRUE",1,1,0.565,259,94,763,141,106,99.81425,1
"61",2070513970,"3","Count",2014,"G135","bal635","Gobio gobio",3,4,"S11783","Electrofishing_backpack","Palearctic",2080008490,"HUN","VAS","ORISZENTPETER","ZALA",46.83985,16.42968,33,"TRUE",1,1,0.565,259,94,763,141,106,99.81425,1
"62",2070513970,"3","Count",2014,"G135","bal635","Phoxinus phoxinus",32,4,"S11783","Electrofishing_backpack","Palearctic",2080008490,"HUN","VAS","ORISZENTPETER","ZALA",46.83985,16.42968,33,"TRUE",1,1,0.565,259,94,763,141,106,99.81425,1
"63",2070513970,"3","Count",2014,"G135","bal635","Squalius cephalus",4,4,"S11783","Electrofishing_backpack","Palearctic",2080008490,"HUN","VAS","ORISZENTPETER","ZALA",46.83985,16.42968,33,"TRUE",1,1,0.565,259,94,763,141,106,99.81425,1
"64",2070513970,"3","Count",2014,"G123","bal456","Barbatula barbatula",2,4,"S10577","Electrofishing_backpack","Palearctic",2080008490,"HUN","ZALA","PACSA/ZALAEGERSZEG","SZENTMIHALYFAI-PATAK",46.82997,16.76301,33,"TRUE",2,2,0.312,200,99,698,267,263,99.5345,1
"65",2070513970,"3","Count",2014,"G123","bal456","Phoxinus phoxinus",21,4,"S10577","Electrofishing_backpack","Palearctic",2080008490,"HUN","ZALA","PACSA/ZALAEGERSZEG","SZENTMIHALYFAI-PATAK",46.82997,16.76301,33,"TRUE",2,2,0.312,200,99,698,267,263,99.5345,1
"66",2070513970,"3","Count",2014,"G123","bal456","Squalius cephalus",3,4,"S10577","Electrofishing_backpack","Palearctic",2080008490,"HUN","ZALA","PACSA/ZALAEGERSZEG","SZENTMIHALYFAI-PATAK",46.82997,16.76301,33,"TRUE",2,2,0.312,200,99,698,267,263,99.5345,1
"67",2070513970,"3","Count",2014,"G129","bal397","Abramis brama",2,4,"S11263","Electrofishing_backpack","Palearctic",2080008490,"HUN","VESZPREM","TAPOLCA","TAPOLCA-PATAK",46.84993,17.42968,33,"TRUE",2,2,0.285,118,107,616,251,228,99.94855,1
"68",2070513970,"3","Count",2014,"G129","bal397","Cobitis elongatoides",7,4,"S11263","Electrofishing_backpack","Palearctic",2080008490,"HUN","VESZPREM","TAPOLCA","TAPOLCA-PATAK",46.84993,17.42968,33,"TRUE",2,2,0.285,118,107,616,251,228,99.94855,1
"69",2070513970,"3","Count",2014,"G129","bal397","Gobio gobio",31,4,"S11263","Electrofishing_backpack","Palearctic",2080008490,"HUN","VESZPREM","TAPOLCA","TAPOLCA-PATAK",46.84993,17.42968,33,"TRUE",2,2,0.285,118,107,616,251,228,99.94855,1
"70",2070513970,"3","Count",2014,"G129","bal397","Neogobius fluviatilis",1,4,"S11263","Electrofishing_backpack","Palearctic",2080008490,"HUN","VESZPREM","TAPOLCA","TAPOLCA-PATAK",46.84993,17.42968,33,"TRUE",2,2,0.285,118,107,616,251,228,99.94855,1
"71",2070513970,"3","Count",2014,"G129","bal397","Perca fluviatilis",4,4,"S11263","Electrofishing_backpack","Palearctic",2080008490,"HUN","VESZPREM","TAPOLCA","TAPOLCA-PATAK",46.84993,17.42968,33,"TRUE",2,2,0.285,118,107,616,251,228,99.94855,1
"72",2070513970,"3","Count",2014,"G129","bal397","Rutilus rutilus",47,4,"S11263","Electrofishing_backpack","Palearctic",2080008490,"HUN","VESZPREM","TAPOLCA","TAPOLCA-PATAK",46.84993,17.42968,33,"TRUE",2,2,0.285,118,107,616,251,228,99.94855,1
"73",2070513970,"3","Count",2014,"G129","bal397","Squalius cephalus",21,4,"S11263","Electrofishing_backpack","Palearctic",2080008490,"HUN","VESZPREM","TAPOLCA","TAPOLCA-PATAK",46.84993,17.42968,33,"TRUE",2,2,0.285,118,107,616,251,228,99.94855,1
"74",2070513970,"3","Count",2014,"G129","bal397","Umbra krameri",3,4,"S11263","Electrofishing_backpack","Palearctic",2080008490,"HUN","VESZPREM","TAPOLCA","TAPOLCA-PATAK",46.84993,17.42968,33,"TRUE",2,2,0.285,118,107,616,251,228,99.94855,1
"75",2070513970,"3","Count",2014,"G141","bal394","Abramis brama",21,4,"S3230","Electrofishing_backpack","Palearctic",2080008490,"HUN","VESZPREM","TAPOLCA","EDERICSI-PATAK",46.80081,17.39633,33,"TRUE",3,1,0.739,139,105,630,167,160,99.92545,1
"76",2070513970,"3","Count",2014,"G141","bal394","Ameiurus melas",1,4,"S3230","Electrofishing_backpack","Palearctic",2080008490,"HUN","VESZPREM","TAPOLCA","EDERICSI-PATAK",46.80081,17.39633,33,"TRUE",3,1,0.739,139,105,630,167,160,99.92545,1
"77",2070513970,"3","Count",2014,"G141","bal394","Carassius gibelio",19,4,"S3230","Electrofishing_backpack","Palearctic",2080008490,"HUN","VESZPREM","TAPOLCA","EDERICSI-PATAK",46.80081,17.39633,33,"TRUE",3,1,0.739,139,105,630,167,160,99.92545,1
"78",2070513970,"3","Count",2014,"G141","bal394","Cobitis elongatoides",2,4,"S3230","Electrofishing_backpack","Palearctic",2080008490,"HUN","VESZPREM","TAPOLCA","EDERICSI-PATAK",46.80081,17.39633,33,"TRUE",3,1,0.739,139,105,630,167,160,99.92545,1
"79",2070513970,"3","Count",2014,"G141","bal394","Esox lucius",9,4,"S3230","Electrofishing_backpack","Palearctic",2080008490,"HUN","VESZPREM","TAPOLCA","EDERICSI-PATAK",46.80081,17.39633,33,"TRUE",3,1,0.739,139,105,630,167,160,99.92545,1
"80",2070513970,"3","Count",2014,"G141","bal394","Lepomis gibbosus",20,4,"S3230","Electrofishing_backpack","Palearctic",2080008490,"HUN","VESZPREM","TAPOLCA","EDERICSI-PATAK",46.80081,17.39633,33,"TRUE",3,1,0.739,139,105,630,167,160,99.92545,1
"81",2070513970,"3","Count",2014,"G141","bal394","Rutilus rutilus",2,4,"S3230","Electrofishing_backpack","Palearctic",2080008490,"HUN","VESZPREM","TAPOLCA","EDERICSI-PATAK",46.80081,17.39633,33,"TRUE",3,1,0.739,139,105,630,167,160,99.92545,1
"82",2070513970,"3","Count",2014,"G141","bal394","Scardinius erythrophthalmus",3,4,"S3230","Electrofishing_backpack","Palearctic",2080008490,"HUN","VESZPREM","TAPOLCA","EDERICSI-PATAK",46.80081,17.39633,33,"TRUE",3,1,0.739,139,105,630,167,160,99.92545,1
"83",2070513970,"3","Count",2014,"G141","bal394","Tinca tinca",3,4,"S3230","Electrofishing_backpack","Palearctic",2080008490,"HUN","VESZPREM","TAPOLCA","EDERICSI-PATAK",46.80081,17.39633,33,"TRUE",3,1,0.739,139,105,630,167,160,99.92545,1
"84",2070513970,"3","Count",2014,"G141","bal394","Umbra krameri",5,4,"S3230","Electrofishing_backpack","Palearctic",2080008490,"HUN","VESZPREM","TAPOLCA","EDERICSI-PATAK",46.80081,17.39633,33,"TRUE",3,1,0.739,139,105,630,167,160,99.92545,1
"85",2070513970,"3","Count",2014,"G114","bal395","Alburnus alburnus",471,4,"S9310","Electrofishing_backpack","Palearctic",2080008490,"HUN","VESZPREM","TAPOLCA","LESENCE-PATAK",46.80342,17.413,33,"TRUE",3,3,0.739,139,105,630,167,160,99.92545,1
"86",2070513970,"3","Count",2014,"G114","bal395","Ameiurus melas",1,4,"S9310","Electrofishing_backpack","Palearctic",2080008490,"HUN","VESZPREM","TAPOLCA","LESENCE-PATAK",46.80342,17.413,33,"TRUE",3,3,0.739,139,105,630,167,160,99.92545,1
"87",2070513970,"3","Count",2014,"G114","bal395","Carassius gibelio",16,4,"S9310","Electrofishing_backpack","Palearctic",2080008490,"HUN","VESZPREM","TAPOLCA","LESENCE-PATAK",46.80342,17.413,33,"TRUE",3,3,0.739,139,105,630,167,160,99.92545,1
"88",2070513970,"3","Count",2014,"G114","bal395","Esox lucius",6,4,"S9310","Electrofishing_backpack","Palearctic",2080008490,"HUN","VESZPREM","TAPOLCA","LESENCE-PATAK",46.80342,17.413,33,"TRUE",3,3,0.739,139,105,630,167,160,99.92545,1
"89",2070513970,"3","Count",2014,"G114","bal395","Lepomis gibbosus",4,4,"S9310","Electrofishing_backpack","Palearctic",2080008490,"HUN","VESZPREM","TAPOLCA","LESENCE-PATAK",46.80342,17.413,33,"TRUE",3,3,0.739,139,105,630,167,160,99.92545,1
"90",2070513970,"3","Count",2014,"G114","bal395","Leuciscus idus",1,4,"S9310","Electrofishing_backpack","Palearctic",2080008490,"HUN","VESZPREM","TAPOLCA","LESENCE-PATAK",46.80342,17.413,33,"TRUE",3,3,0.739,139,105,630,167,160,99.92545,1
"91",2070513970,"3","Count",2014,"G114","bal395","Neogobius fluviatilis",1,4,"S9310","Electrofishing_backpack","Palearctic",2080008490,"HUN","VESZPREM","TAPOLCA","LESENCE-PATAK",46.80342,17.413,33,"TRUE",3,3,0.739,139,105,630,167,160,99.92545,1
"92",2070513970,"3","Count",2014,"G114","bal395","Rhodeus sericeus",3,4,"S9310","Electrofishing_backpack","Palearctic",2080008490,"HUN","VESZPREM","TAPOLCA","LESENCE-PATAK",46.80342,17.413,33,"TRUE",3,3,0.739,139,105,630,167,160,99.92545,1
"93",2070513970,"3","Count",2014,"G114","bal395","Rutilus rutilus",24,4,"S9310","Electrofishing_backpack","Palearctic",2080008490,"HUN","VESZPREM","TAPOLCA","LESENCE-PATAK",46.80342,17.413,33,"TRUE",3,3,0.739,139,105,630,167,160,99.92545,1
"94",2070513970,"3","Count",2014,"G114","bal395","Sander lucioperca",4,4,"S9310","Electrofishing_backpack","Palearctic",2080008490,"HUN","VESZPREM","TAPOLCA","LESENCE-PATAK",46.80342,17.413,33,"TRUE",3,3,0.739,139,105,630,167,160,99.92545,1
"95",2070513970,"3","Count",2014,"G114","bal395","Scardinius erythrophthalmus",11,4,"S9310","Electrofishing_backpack","Palearctic",2080008490,"HUN","VESZPREM","TAPOLCA","LESENCE-PATAK",46.80342,17.413,33,"TRUE",3,3,0.739,139,105,630,167,160,99.92545,1
"96",2070513970,"3","Count",2014,"G114","bal395","Squalius cephalus",3,4,"S9310","Electrofishing_backpack","Palearctic",2080008490,"HUN","VESZPREM","TAPOLCA","LESENCE-PATAK",46.80342,17.413,33,"TRUE",3,3,0.739,139,105,630,167,160,99.92545,1
"97",2070513970,"3","Count",2014,"G114","bal395","Tinca tinca",3,4,"S9310","Electrofishing_backpack","Palearctic",2080008490,"HUN","VESZPREM","TAPOLCA","LESENCE-PATAK",46.80342,17.413,33,"TRUE",3,3,0.739,139,105,630,167,160,99.92545,1
"98",2070513970,"3","Count",2014,"G128","bal396","Abramis brama",1,4,"S11150","Electrofishing_backpack","Palearctic",2080008490,"HUN","VESZPREM","TAPOLCA","TAPOLCA-PATAK",46.80685,17.42967,33,"TRUE",3,1,0.739,139,105,630,167,160,99.92545,1
"99",2070513970,"3","Count",2014,"G128","bal396","Blicca bjoerkna",2,4,"S11150","Electrofishing_backpack","Palearctic",2080008490,"HUN","VESZPREM","TAPOLCA","TAPOLCA-PATAK",46.80685,17.42967,33,"TRUE",3,1,0.739,139,105,630,167,160,99.92545,1
"100",2070513970,"3","Count",2014,"G128","bal396","Carassius gibelio",2,4,"S11150","Electrofishing_backpack","Palearctic",2080008490,"HUN","VESZPREM","TAPOLCA","TAPOLCA-PATAK",46.80685,17.42967,33,"TRUE",3,1,0.739,139,105,630,167,160,99.92545,1
"101",2070513970,"3","Count",2014,"G128","bal396","Esox lucius",2,4,"S11150","Electrofishing_backpack","Palearctic",2080008490,"HUN","VESZPREM","TAPOLCA","TAPOLCA-PATAK",46.80685,17.42967,33,"TRUE",3,1,0.739,139,105,630,167,160,99.92545,1
"102",2070513970,"3","Count",2014,"G128","bal396","Lepomis gibbosus",3,4,"S11150","Electrofishing_backpack","Palearctic",2080008490,"HUN","VESZPREM","TAPOLCA","TAPOLCA-PATAK",46.80685,17.42967,33,"TRUE",3,1,0.739,139,105,630,167,160,99.92545,1
"103",2070513970,"3","Count",2014,"G128","bal396","Neogobius fluviatilis",2,4,"S11150","Electrofishing_backpack","Palearctic",2080008490,"HUN","VESZPREM","TAPOLCA","TAPOLCA-PATAK",46.80685,17.42967,33,"TRUE",3,1,0.739,139,105,630,167,160,99.92545,1
"104",2070513970,"3","Count",2014,"G128","bal396","Rhodeus sericeus",2,4,"S11150","Electrofishing_backpack","Palearctic",2080008490,"HUN","VESZPREM","TAPOLCA","TAPOLCA-PATAK",46.80685,17.42967,33,"TRUE",3,1,0.739,139,105,630,167,160,99.92545,1
"105",2070513970,"3","Count",2014,"G128","bal396","Rutilus rutilus",44,4,"S11150","Electrofishing_backpack","Palearctic",2080008490,"HUN","VESZPREM","TAPOLCA","TAPOLCA-PATAK",46.80685,17.42967,33,"TRUE",3,1,0.739,139,105,630,167,160,99.92545,1
"106",2070513970,"3","Count",2014,"G128","bal396","Squalius cephalus",6,4,"S11150","Electrofishing_backpack","Palearctic",2080008490,"HUN","VESZPREM","TAPOLCA","TAPOLCA-PATAK",46.80685,17.42967,33,"TRUE",3,1,0.739,139,105,630,167,160,99.92545,1
"107",2070513970,"3","Count",2014,"G125","bal470","Abramis brama",2,4,"S10804","Electrofishing_backpack","Palearctic",2080008490,"HUN","ZALA","PACSA/ZALAEGERSZEG","SZEVIZ",46.82699,16.94634,33,"TRUE",2,2,0.776,194,100,683,177,139,99.7634,1
"108",2070513970,"3","Count",2014,"G125","bal470","Alburnus alburnus",17,4,"S10804","Electrofishing_backpack","Palearctic",2080008490,"HUN","ZALA","PACSA/ZALAEGERSZEG","SZEVIZ",46.82699,16.94634,33,"TRUE",2,2,0.776,194,100,683,177,139,99.7634,1
"109",2070513970,"3","Count",2014,"G125","bal470","Blicca bjoerkna",2,4,"S10804","Electrofishing_backpack","Palearctic",2080008490,"HUN","ZALA","PACSA/ZALAEGERSZEG","SZEVIZ",46.82699,16.94634,33,"TRUE",2,2,0.776,194,100,683,177,139,99.7634,1
"110",2070513970,"3","Count",2014,"G125","bal470","Gymnocephalus cernua",3,4,"S10804","Electrofishing_backpack","Palearctic",2080008490,"HUN","ZALA","PACSA/ZALAEGERSZEG","SZEVIZ",46.82699,16.94634,33,"TRUE",2,2,0.776,194,100,683,177,139,99.7634,1
"111",2070513970,"3","Count",2014,"G125","bal470","Lepomis gibbosus",2,4,"S10804","Electrofishing_backpack","Palearctic",2080008490,"HUN","ZALA","PACSA/ZALAEGERSZEG","SZEVIZ",46.82699,16.94634,33,"TRUE",2,2,0.776,194,100,683,177,139,99.7634,1
"112",2070513970,"3","Count",2014,"G125","bal470","Rutilus rutilus",42,4,"S10804","Electrofishing_backpack","Palearctic",2080008490,"HUN","ZALA","PACSA/ZALAEGERSZEG","SZEVIZ",46.82699,16.94634,33,"TRUE",2,2,0.776,194,100,683,177,139,99.7634,1
"113",2070513970,"3","Count",2014,"G125","bal470","Squalius cephalus",3,4,"S10804","Electrofishing_backpack","Palearctic",2080008490,"HUN","ZALA","PACSA/ZALAEGERSZEG","SZEVIZ",46.82699,16.94634,33,"TRUE",2,2,0.776,194,100,683,177,139,99.7634,1
"114",2070513970,"3","Count",2014,"G138","bal648","Abramis brama",2,4,"S11829","Electrofishing_backpack","Palearctic",2080008490,"HUN","ZALA","HEVIZ/KESZTHELY","ZALA",46.75285,17.12965,33,"TRUE",3,3,5.9,159,103,670,161,189,99.71935,1
"115",2070513970,"3","Count",2014,"G138","bal648","Alburnus alburnus",10,4,"S11829","Electrofishing_backpack","Palearctic",2080008490,"HUN","ZALA","HEVIZ/KESZTHELY","ZALA",46.75285,17.12965,33,"TRUE",3,3,5.9,159,103,670,161,189,99.71935,1
"116",2070513970,"3","Count",2014,"G138","bal648","Cyprinus carpio",2,4,"S11829","Electrofishing_backpack","Palearctic",2080008490,"HUN","ZALA","HEVIZ/KESZTHELY","ZALA",46.75285,17.12965,33,"TRUE",3,3,5.9,159,103,670,161,189,99.71935,1
"117",2070513970,"3","Count",2014,"G138","bal648","Esox lucius",2,4,"S11829","Electrofishing_backpack","Palearctic",2080008490,"HUN","ZALA","HEVIZ/KESZTHELY","ZALA",46.75285,17.12965,33,"TRUE",3,3,5.9,159,103,670,161,189,99.71935,1
"118",2070513970,"3","Count",2014,"G138","bal648","Leuciscus aspius",1,4,"S11829","Electrofishing_backpack","Palearctic",2080008490,"HUN","ZALA","HEVIZ/KESZTHELY","ZALA",46.75285,17.12965,33,"TRUE",3,3,5.9,159,103,670,161,189,99.71935,1
"119",2070513970,"3","Count",2014,"G138","bal648","Neogobius fluviatilis",1,4,"S11829","Electrofishing_backpack","Palearctic",2080008490,"HUN","ZALA","HEVIZ/KESZTHELY","ZALA",46.75285,17.12965,33,"TRUE",3,3,5.9,159,103,670,161,189,99.71935,1
"120",2070513970,"3","Count",2014,"G138","bal648","Perca fluviatilis",2,4,"S11829","Electrofishing_backpack","Palearctic",2080008490,"HUN","ZALA","HEVIZ/KESZTHELY","ZALA",46.75285,17.12965,33,"TRUE",3,3,5.9,159,103,670,161,189,99.71935,1
"121",2070513970,"3","Count",2014,"G138","bal648","Rutilus rutilus",3,4,"S11829","Electrofishing_backpack","Palearctic",2080008490,"HUN","ZALA","HEVIZ/KESZTHELY","ZALA",46.75285,17.12965,33,"TRUE",3,3,5.9,159,103,670,161,189,99.71935,1
"122",2070513970,"3","Count",2014,"G126","bal471","Carassius gibelio",2,4,"S10916","Electrofishing_backpack","Palearctic",2080008490,"HUN","ZALA","PACSA/ZALAEGERSZEG","SZEVIZ",46.74105,16.92965,33,"TRUE",2,2,0.499,163,102,698,172,161,99.8847,1
"123",2070513970,"3","Count",2014,"G126","bal471","Cobitis elongatoides",72,4,"S10916","Electrofishing_backpack","Palearctic",2080008490,"HUN","ZALA","PACSA/ZALAEGERSZEG","SZEVIZ",46.74105,16.92965,33,"TRUE",2,2,0.499,163,102,698,172,161,99.8847,1
"124",2070513970,"3","Count",2014,"G126","bal471","Esox lucius",7,4,"S10916","Electrofishing_backpack","Palearctic",2080008490,"HUN","ZALA","PACSA/ZALAEGERSZEG","SZEVIZ",46.74105,16.92965,33,"TRUE",2,2,0.499,163,102,698,172,161,99.8847,1
"125",2070513970,"3","Count",2014,"G126","bal471","Lepomis gibbosus",19,4,"S10916","Electrofishing_backpack","Palearctic",2080008490,"HUN","ZALA","PACSA/ZALAEGERSZEG","SZEVIZ",46.74105,16.92965,33,"TRUE",2,2,0.499,163,102,698,172,161,99.8847,1
"126",2070513970,"3","Count",2014,"G126","bal471","Misgurnus fossilis",1,4,"S10916","Electrofishing_backpack","Palearctic",2080008490,"HUN","ZALA","PACSA/ZALAEGERSZEG","SZEVIZ",46.74105,16.92965,33,"TRUE",2,2,0.499,163,102,698,172,161,99.8847,1
"127",2070513970,"3","Count",2014,"G126","bal471","Perca fluviatilis",6,4,"S10916","Electrofishing_backpack","Palearctic",2080008490,"HUN","ZALA","PACSA/ZALAEGERSZEG","SZEVIZ",46.74105,16.92965,33,"TRUE",2,2,0.499,163,102,698,172,161,99.8847,1
"128",2070513970,"3","Count",2014,"G126","bal471","Rutilus rutilus",175,4,"S10916","Electrofishing_backpack","Palearctic",2080008490,"HUN","ZALA","PACSA/ZALAEGERSZEG","SZEVIZ",46.74105,16.92965,33,"TRUE",2,2,0.499,163,102,698,172,161,99.8847,1
"129",2070513970,"3","Count",2014,"G126","bal471","Scardinius erythrophthalmus",14,4,"S10916","Electrofishing_backpack","Palearctic",2080008490,"HUN","ZALA","PACSA/ZALAEGERSZEG","SZEVIZ",46.74105,16.92965,33,"TRUE",2,2,0.499,163,102,698,172,161,99.8847,1
"130",2070513970,"3","Count",2014,"G104","bal453","Barbatula barbatula",2,4,"S6920","Electrofishing_backpack","Palearctic",2080008490,"HUN","ZALA","PACSA/ZALAEGERSZEG","FELSO-VALICKA",46.73067,16.86298,33,"TRUE",2,2,0.518,195,100,703,252,223,99.5166,1
"131",2070513970,"3","Count",2014,"G104","bal453","Cobitis elongatoides",2,4,"S6920","Electrofishing_backpack","Palearctic",2080008490,"HUN","ZALA","PACSA/ZALAEGERSZEG","FELSO-VALICKA",46.73067,16.86298,33,"TRUE",2,2,0.518,195,100,703,252,223,99.5166,1
"132",2070513970,"3","Count",2014,"G104","bal453","Perca fluviatilis",1,4,"S6920","Electrofishing_backpack","Palearctic",2080008490,"HUN","ZALA","PACSA/ZALAEGERSZEG","FELSO-VALICKA",46.73067,16.86298,33,"TRUE",2,2,0.518,195,100,703,252,223,99.5166,1
"133",2070513970,"3","Count",2014,"G104","bal453","Romanogobio vladykovi",1,4,"S6920","Electrofishing_backpack","Palearctic",2080008490,"HUN","ZALA","PACSA/ZALAEGERSZEG","FELSO-VALICKA",46.73067,16.86298,33,"TRUE",2,2,0.518,195,100,703,252,223,99.5166,1
"134",2070513970,"3","Count",2014,"G104","bal453","Rutilus rutilus",2,4,"S6920","Electrofishing_backpack","Palearctic",2080008490,"HUN","ZALA","PACSA/ZALAEGERSZEG","FELSO-VALICKA",46.73067,16.86298,33,"TRUE",2,2,0.518,195,100,703,252,223,99.5166,1
"135",2070513970,"3","Count",2014,"G106","bal455","Abramis brama",1,4,"S7859","Electrofishing_backpack","Palearctic",2080008490,"HUN","ZALA","PACSA/ZALAEGERSZEG","FELSO-VALICKA",46.8434,16.87968,33,"TRUE",2,2,0.518,195,100,703,252,223,99.5166,1
"136",2070513970,"3","Count",2014,"G106","bal455","Alburnus alburnus",20,4,"S7859","Electrofishing_backpack","Palearctic",2080008490,"HUN","ZALA","PACSA/ZALAEGERSZEG","FELSO-VALICKA",46.8434,16.87968,33,"TRUE",2,2,0.518,195,100,703,252,223,99.5166,1
"137",2070513970,"3","Count",2014,"G106","bal455","Barbatula barbatula",8,4,"S7859","Electrofishing_backpack","Palearctic",2080008490,"HUN","ZALA","PACSA/ZALAEGERSZEG","FELSO-VALICKA",46.8434,16.87968,33,"TRUE",2,2,0.518,195,100,703,252,223,99.5166,1
"138",2070513970,"3","Count",2014,"G106","bal455","Carassius gibelio",1,4,"S7859","Electrofishing_backpack","Palearctic",2080008490,"HUN","ZALA","PACSA/ZALAEGERSZEG","FELSO-VALICKA",46.8434,16.87968,33,"TRUE",2,2,0.518,195,100,703,252,223,99.5166,1
"139",2070513970,"3","Count",2014,"G106","bal455","Esox lucius",1,4,"S7859","Electrofishing_backpack","Palearctic",2080008490,"HUN","ZALA","PACSA/ZALAEGERSZEG","FELSO-VALICKA",46.8434,16.87968,33,"TRUE",2,2,0.518,195,100,703,252,223,99.5166,1
"140",2070513970,"3","Count",2014,"G106","bal455","Lepomis gibbosus",9,4,"S7859","Electrofishing_backpack","Palearctic",2080008490,"HUN","ZALA","PACSA/ZALAEGERSZEG","FELSO-VALICKA",46.8434,16.87968,33,"TRUE",2,2,0.518,195,100,703,252,223,99.5166,1
"141",2070513970,"3","Count",2014,"G106","bal455","Rhodeus sericeus",9,4,"S7859","Electrofishing_backpack","Palearctic",2080008490,"HUN","ZALA","PACSA/ZALAEGERSZEG","FELSO-VALICKA",46.8434,16.87968,33,"TRUE",2,2,0.518,195,100,703,252,223,99.5166,1
"142",2070513970,"3","Count",2014,"G106","bal455","Rutilus rutilus",150,4,"S7859","Electrofishing_backpack","Palearctic",2080008490,"HUN","ZALA","PACSA/ZALAEGERSZEG","FELSO-VALICKA",46.8434,16.87968,33,"TRUE",2,2,0.518,195,100,703,252,223,99.5166,1
"143",2070513970,"3","Count",2014,"G106","bal455","Squalius cephalus",15,4,"S7859","Electrofishing_backpack","Palearctic",2080008490,"HUN","ZALA","PACSA/ZALAEGERSZEG","FELSO-VALICKA",46.8434,16.87968,33,"TRUE",2,2,0.518,195,100,703,252,223,99.5166,1
"144",2070513970,"3","Count",2014,"G105","bal454","Barbatula barbatula",18,4,"S7422","Electrofishing_backpack","Palearctic",2080008490,"HUN","ZALA","PACSA/ZALAEGERSZEG","FELSO-VALICKA",46.67238,16.8463,33,"TRUE",1,1,0.086,233,98,736,99,107,99.86285,1
"145",2070513970,"3","Count",2014,"G101","bal489","Carassius gibelio",11,4,"S668","Electrofishing_backpack","Palearctic",2080008490,"HUN","SOMOGY","MARCALI","BORONKA-PATAK",46.63254,17.44629,33,"TRUE",3,3,1.221,107,108,644,134,115,99.91325,1
"146",2070513970,"3","Count",2014,"G101","bal489","Cobitis elongatoides",11,4,"S668","Electrofishing_backpack","Palearctic",2080008490,"HUN","SOMOGY","MARCALI","BORONKA-PATAK",46.63254,17.44629,33,"TRUE",3,3,1.221,107,108,644,134,115,99.91325,1
"147",2070513970,"3","Count",2014,"G101","bal489","Ctenopharyngodon idella",3,4,"S668","Electrofishing_backpack","Palearctic",2080008490,"HUN","SOMOGY","MARCALI","BORONKA-PATAK",46.63254,17.44629,33,"TRUE",3,3,1.221,107,108,644,134,115,99.91325,1
"148",2070513970,"3","Count",2014,"G101","bal489","Cyprinus carpio",1,4,"S668","Electrofishing_backpack","Palearctic",2080008490,"HUN","SOMOGY","MARCALI","BORONKA-PATAK",46.63254,17.44629,33,"TRUE",3,3,1.221,107,108,644,134,115,99.91325,1
"149",2070513970,"3","Count",2014,"G101","bal489","Esox lucius",24,4,"S668","Electrofishing_backpack","Palearctic",2080008490,"HUN","SOMOGY","MARCALI","BORONKA-PATAK",46.63254,17.44629,33,"TRUE",3,3,1.221,107,108,644,134,115,99.91325,1
"150",2070513970,"3","Count",2014,"G101","bal489","Gymnocephalus cernua",1,4,"S668","Electrofishing_backpack","Palearctic",2080008490,"HUN","SOMOGY","MARCALI","BORONKA-PATAK",46.63254,17.44629,33,"TRUE",3,3,1.221,107,108,644,134,115,99.91325,1
"151",2070513970,"3","Count",2014,"G101","bal489","Lepomis gibbosus",25,4,"S668","Electrofishing_backpack","Palearctic",2080008490,"HUN","SOMOGY","MARCALI","BORONKA-PATAK",46.63254,17.44629,33,"TRUE",3,3,1.221,107,108,644,134,115,99.91325,1
"152",2070513970,"3","Count",2014,"G101","bal489","Misgurnus fossilis",6,4,"S668","Electrofishing_backpack","Palearctic",2080008490,"HUN","SOMOGY","MARCALI","BORONKA-PATAK",46.63254,17.44629,33,"TRUE",3,3,1.221,107,108,644,134,115,99.91325,1
"153",2070513970,"3","Count",2014,"G101","bal489","Perca fluviatilis",35,4,"S668","Electrofishing_backpack","Palearctic",2080008490,"HUN","SOMOGY","MARCALI","BORONKA-PATAK",46.63254,17.44629,33,"TRUE",3,3,1.221,107,108,644,134,115,99.91325,1
"154",2070513970,"3","Count",2014,"G101","bal489","Pseudorasbora parva",16,4,"S668","Electrofishing_backpack","Palearctic",2080008490,"HUN","SOMOGY","MARCALI","BORONKA-PATAK",46.63254,17.44629,33,"TRUE",3,3,1.221,107,108,644,134,115,99.91325,1
"155",2070513970,"3","Count",2014,"G101","bal489","Rhodeus sericeus",78,4,"S668","Electrofishing_backpack","Palearctic",2080008490,"HUN","SOMOGY","MARCALI","BORONKA-PATAK",46.63254,17.44629,33,"TRUE",3,3,1.221,107,108,644,134,115,99.91325,1
"156",2070513970,"3","Count",2014,"G101","bal489","Rutilus rutilus",78,4,"S668","Electrofishing_backpack","Palearctic",2080008490,"HUN","SOMOGY","MARCALI","BORONKA-PATAK",46.63254,17.44629,33,"TRUE",3,3,1.221,107,108,644,134,115,99.91325,1
"157",2070513970,"3","Count",2014,"G101","bal489","Scardinius erythrophthalmus",5,4,"S668","Electrofishing_backpack","Palearctic",2080008490,"HUN","SOMOGY","MARCALI","BORONKA-PATAK",46.63254,17.44629,33,"TRUE",3,3,1.221,107,108,644,134,115,99.91325,1
"158",2070513970,"3","Count",2014,"G116","bal647","Misgurnus fossilis",8,4,"S9578","Electrofishing_backpack","Palearctic",2080008490,"HUN","SOMOGY","MARCALI","MAROTVOLGYI-CSATORNA",46.63345,17.26295,33,"TRUE",2,2,1.003,114,107,670,141,147,99.83715,1
"159",2070513970,"3","Count",2014,"G116","bal647","Perccottus glenii",2,4,"S9578","Electrofishing_backpack","Palearctic",2080008490,"HUN","SOMOGY","MARCALI","MAROTVOLGYI-CSATORNA",46.63345,17.26295,33,"TRUE",2,2,1.003,114,107,670,141,147,99.83715,1
"160",2070513970,"3","Count",2014,"G116","bal647","Umbra krameri",163,4,"S9578","Electrofishing_backpack","Palearctic",2080008490,"HUN","SOMOGY","MARCALI","MAROTVOLGYI-CSATORNA",46.63345,17.26295,33,"TRUE",2,2,1.003,114,107,670,141,147,99.83715,1
"161",2070513970,"3","Count",2014,"G115","bal478","Abramis brama",1,4,"S9443","Electrofishing_backpack","Palearctic",2080008490,"HUN","SOMOGY","MARCALI","MAROTVOLGYI-CSATORNA",46.54869,17.29626,33,"TRUE",1,1,0.135,180,104,686,98,106,99.84525,1
"162",2070513970,"3","Count",2014,"G115","bal478","Barbatula barbatula",1,4,"S9443","Electrofishing_backpack","Palearctic",2080008490,"HUN","SOMOGY","MARCALI","MAROTVOLGYI-CSATORNA",46.54869,17.29626,33,"TRUE",1,1,0.135,180,104,686,98,106,99.84525,1
"163",2070513970,"3","Count",2014,"G115","bal478","Blicca bjoerkna",5,4,"S9443","Electrofishing_backpack","Palearctic",2080008490,"HUN","SOMOGY","MARCALI","MAROTVOLGYI-CSATORNA",46.54869,17.29626,33,"TRUE",1,1,0.135,180,104,686,98,106,99.84525,1
"164",2070513970,"3","Count",2014,"G115","bal478","Carassius gibelio",7,4,"S9443","Electrofishing_backpack","Palearctic",2080008490,"HUN","SOMOGY","MARCALI","MAROTVOLGYI-CSATORNA",46.54869,17.29626,33,"TRUE",1,1,0.135,180,104,686,98,106,99.84525,1
"165",2070513970,"3","Count",2014,"G115","bal478","Cobitis elongatoides",2,4,"S9443","Electrofishing_backpack","Palearctic",2080008490,"HUN","SOMOGY","MARCALI","MAROTVOLGYI-CSATORNA",46.54869,17.29626,33,"TRUE",1,1,0.135,180,104,686,98,106,99.84525,1
"166",2070513970,"3","Count",2014,"G115","bal478","Esox lucius",1,4,"S9443","Electrofishing_backpack","Palearctic",2080008490,"HUN","SOMOGY","MARCALI","MAROTVOLGYI-CSATORNA",46.54869,17.29626,33,"TRUE",1,1,0.135,180,104,686,98,106,99.84525,1
"167",2070513970,"3","Count",2014,"G115","bal478","Pseudorasbora parva",3,4,"S9443","Electrofishing_backpack","Palearctic",2080008490,"HUN","SOMOGY","MARCALI","MAROTVOLGYI-CSATORNA",46.54869,17.29626,33,"TRUE",1,1,0.135,180,104,686,98,106,99.84525,1
"168",2070513970,"3","Count",2014,"G115","bal478","Rhodeus sericeus",31,4,"S9443","Electrofishing_backpack","Palearctic",2080008490,"HUN","SOMOGY","MARCALI","MAROTVOLGYI-CSATORNA",46.54869,17.29626,33,"TRUE",1,1,0.135,180,104,686,98,106,99.84525,1
"169",2070513970,"3","Count",2014,"G115","bal478","Rutilus rutilus",6,4,"S9443","Electrofishing_backpack","Palearctic",2080008490,"HUN","SOMOGY","MARCALI","MAROTVOLGYI-CSATORNA",46.54869,17.29626,33,"TRUE",1,1,0.135,180,104,686,98,106,99.84525,1
"170",2070513970,"3","Count",2014,"G115","bal478","Scardinius erythrophthalmus",7,4,"S9443","Electrofishing_backpack","Palearctic",2080008490,"HUN","SOMOGY","MARCALI","MAROTVOLGYI-CSATORNA",46.54869,17.29626,33,"TRUE",1,1,0.135,180,104,686,98,106,99.84525,1
"171",2070513970,"3","Count",2014,"G115","bal478","Squalius cephalus",7,4,"S9443","Electrofishing_backpack","Palearctic",2080008490,"HUN","SOMOGY","MARCALI","MAROTVOLGYI-CSATORNA",46.54869,17.29626,33,"TRUE",1,1,0.135,180,104,686,98,106,99.84525,1
"172",2070513970,"3","Count",2014,"G137","bal482","Abramis brama",9,4,"S11815","Electrofishing_backpack","Palearctic",2080008490,"HUN","ZALA","NAGYKANIZSAI/ZALAKAROS","ZALA-SOMOGYI-HATARAROK",46.53436,17.22959,33,"TRUE",2,2,1.223,114,107,684,139,129,99.92195,1
"173",2070513970,"3","Count",2014,"G137","bal482","Alburnus alburnus",37,4,"S11815","Electrofishing_backpack","Palearctic",2080008490,"HUN","ZALA","NAGYKANIZSAI/ZALAKAROS","ZALA-SOMOGYI-HATARAROK",46.53436,17.22959,33,"TRUE",2,2,1.223,114,107,684,139,129,99.92195,1
"174",2070513970,"3","Count",2014,"G137","bal482","Blicca bjoerkna",10,4,"S11815","Electrofishing_backpack","Palearctic",2080008490,"HUN","ZALA","NAGYKANIZSAI/ZALAKAROS","ZALA-SOMOGYI-HATARAROK",46.53436,17.22959,33,"TRUE",2,2,1.223,114,107,684,139,129,99.92195,1
"175",2070513970,"3","Count",2014,"G137","bal482","Carassius gibelio",11,4,"S11815","Electrofishing_backpack","Palearctic",2080008490,"HUN","ZALA","NAGYKANIZSAI/ZALAKAROS","ZALA-SOMOGYI-HATARAROK",46.53436,17.22959,33,"TRUE",2,2,1.223,114,107,684,139,129,99.92195,1
"176",2070513970,"3","Count",2014,"G137","bal482","Cobitis elongatoides",12,4,"S11815","Electrofishing_backpack","Palearctic",2080008490,"HUN","ZALA","NAGYKANIZSAI/ZALAKAROS","ZALA-SOMOGYI-HATARAROK",46.53436,17.22959,33,"TRUE",2,2,1.223,114,107,684,139,129,99.92195,1
"177",2070513970,"3","Count",2014,"G137","bal482","Cyprinus carpio",3,4,"S11815","Electrofishing_backpack","Palearctic",2080008490,"HUN","ZALA","NAGYKANIZSAI/ZALAKAROS","ZALA-SOMOGYI-HATARAROK",46.53436,17.22959,33,"TRUE",2,2,1.223,114,107,684,139,129,99.92195,1
"178",2070513970,"3","Count",2014,"G137","bal482","Esox lucius",8,4,"S11815","Electrofishing_backpack","Palearctic",2080008490,"HUN","ZALA","NAGYKANIZSAI/ZALAKAROS","ZALA-SOMOGYI-HATARAROK",46.53436,17.22959,33,"TRUE",2,2,1.223,114,107,684,139,129,99.92195,1
"179",2070513970,"3","Count",2014,"G137","bal482","Lepomis gibbosus",8,4,"S11815","Electrofishing_backpack","Palearctic",2080008490,"HUN","ZALA","NAGYKANIZSAI/ZALAKAROS","ZALA-SOMOGYI-HATARAROK",46.53436,17.22959,33,"TRUE",2,2,1.223,114,107,684,139,129,99.92195,1
"180",2070513970,"3","Count",2014,"G137","bal482","Misgurnus fossilis",1,4,"S11815","Electrofishing_backpack","Palearctic",2080008490,"HUN","ZALA","NAGYKANIZSAI/ZALAKAROS","ZALA-SOMOGYI-HATARAROK",46.53436,17.22959,33,"TRUE",2,2,1.223,114,107,684,139,129,99.92195,1
"181",2070513970,"3","Count",2014,"G137","bal482","Neogobius fluviatilis",2,4,"S11815","Electrofishing_backpack","Palearctic",2080008490,"HUN","ZALA","NAGYKANIZSAI/ZALAKAROS","ZALA-SOMOGYI-HATARAROK",46.53436,17.22959,33,"TRUE",2,2,1.223,114,107,684,139,129,99.92195,1
"182",2070513970,"3","Count",2014,"G137","bal482","Perca fluviatilis",4,4,"S11815","Electrofishing_backpack","Palearctic",2080008490,"HUN","ZALA","NAGYKANIZSAI/ZALAKAROS","ZALA-SOMOGYI-HATARAROK",46.53436,17.22959,33,"TRUE",2,2,1.223,114,107,684,139,129,99.92195,1
"183",2070513970,"3","Count",2014,"G137","bal482","Pseudorasbora parva",6,4,"S11815","Electrofishing_backpack","Palearctic",2080008490,"HUN","ZALA","NAGYKANIZSAI/ZALAKAROS","ZALA-SOMOGYI-HATARAROK",46.53436,17.22959,33,"TRUE",2,2,1.223,114,107,684,139,129,99.92195,1
"184",2070513970,"3","Count",2014,"G137","bal482","Rhodeus sericeus",62,4,"S11815","Electrofishing_backpack","Palearctic",2080008490,"HUN","ZALA","NAGYKANIZSAI/ZALAKAROS","ZALA-SOMOGYI-HATARAROK",46.53436,17.22959,33,"TRUE",2,2,1.223,114,107,684,139,129,99.92195,1
"185",2070513970,"3","Count",2014,"G137","bal482","Rutilus rutilus",118,4,"S11815","Electrofishing_backpack","Palearctic",2080008490,"HUN","ZALA","NAGYKANIZSAI/ZALAKAROS","ZALA-SOMOGYI-HATARAROK",46.53436,17.22959,33,"TRUE",2,2,1.223,114,107,684,139,129,99.92195,1
"186",2070513970,"3","Count",2014,"G137","bal482","Scardinius erythrophthalmus",6,4,"S11815","Electrofishing_backpack","Palearctic",2080008490,"HUN","ZALA","NAGYKANIZSAI/ZALAKAROS","ZALA-SOMOGYI-HATARAROK",46.53436,17.22959,33,"TRUE",2,2,1.223,114,107,684,139,129,99.92195,1
"187",2070513970,"3","Count",2014,"G136","bal481","Abramis brama",2,4,"S11803","Electrofishing_backpack","Palearctic",2080008490,"HUN","SOMOGY","MARCALI","ZALA-SOMOGYI-HATARAROK",46.49488,17.21292,33,"TRUE",2,2,0.719,119,107,697,92,49,99.95,1
"188",2070513970,"3","Count",2014,"G136","bal481","Carassius gibelio",90,4,"S11803","Electrofishing_backpack","Palearctic",2080008490,"HUN","SOMOGY","MARCALI","ZALA-SOMOGYI-HATARAROK",46.49488,17.21292,33,"TRUE",2,2,0.719,119,107,697,92,49,99.95,1
"189",2070513970,"3","Count",2014,"G136","bal481","Cobitis elongatoides",4,4,"S11803","Electrofishing_backpack","Palearctic",2080008490,"HUN","SOMOGY","MARCALI","ZALA-SOMOGYI-HATARAROK",46.49488,17.21292,33,"TRUE",2,2,0.719,119,107,697,92,49,99.95,1
"190",2070513970,"3","Count",2014,"G136","bal481","Esox lucius",2,4,"S11803","Electrofishing_backpack","Palearctic",2080008490,"HUN","SOMOGY","MARCALI","ZALA-SOMOGYI-HATARAROK",46.49488,17.21292,33,"TRUE",2,2,0.719,119,107,697,92,49,99.95,1
"191",2070513970,"3","Count",2014,"G136","bal481","Lepomis gibbosus",3,4,"S11803","Electrofishing_backpack","Palearctic",2080008490,"HUN","SOMOGY","MARCALI","ZALA-SOMOGYI-HATARAROK",46.49488,17.21292,33,"TRUE",2,2,0.719,119,107,697,92,49,99.95,1
"192",2070513970,"3","Count",2014,"G136","bal481","Neogobius fluviatilis",5,4,"S11803","Electrofishing_backpack","Palearctic",2080008490,"HUN","SOMOGY","MARCALI","ZALA-SOMOGYI-HATARAROK",46.49488,17.21292,33,"TRUE",2,2,0.719,119,107,697,92,49,99.95,1
"193",2070513970,"3","Count",2014,"G136","bal481","Pseudorasbora parva",12,4,"S11803","Electrofishing_backpack","Palearctic",2080008490,"HUN","SOMOGY","MARCALI","ZALA-SOMOGYI-HATARAROK",46.49488,17.21292,33,"TRUE",2,2,0.719,119,107,697,92,49,99.95,1
"194",2070513970,"3","Count",2014,"G136","bal481","Rhodeus sericeus",108,4,"S11803","Electrofishing_backpack","Palearctic",2080008490,"HUN","SOMOGY","MARCALI","ZALA-SOMOGYI-HATARAROK",46.49488,17.21292,33,"TRUE",2,2,0.719,119,107,697,92,49,99.95,1
"195",2070513970,"3","Count",2014,"G136","bal481","Rutilus rutilus",28,4,"S11803","Electrofishing_backpack","Palearctic",2080008490,"HUN","SOMOGY","MARCALI","ZALA-SOMOGYI-HATARAROK",46.49488,17.21292,33,"TRUE",2,2,0.719,119,107,697,92,49,99.95,1
"196",2070513970,"3","Count",2014,"G136","bal481","Scardinius erythrophthalmus",4,4,"S11803","Electrofishing_backpack","Palearctic",2080008490,"HUN","SOMOGY","MARCALI","ZALA-SOMOGYI-HATARAROK",46.49488,17.21292,33,"TRUE",2,2,0.719,119,107,697,92,49,99.95,1
"197",2070513970,"3","Count",2014,"G110","bal475","Barbatula barbatula",5,4,"S8886","Electrofishing_backpack","Palearctic",2080008490,"HUN","ZALA","NAGYKANIZSAI/ZALAKAROS","KISKOMAROMI-CSATORNA",46.54373,17.1796,33,"TRUE",2,2,0.624,125,106,704,147,149,99.77655,1
"198",2070513970,"3","Count",2014,"G110","bal475","Gobio gobio",28,4,"S8886","Electrofishing_backpack","Palearctic",2080008490,"HUN","ZALA","NAGYKANIZSAI/ZALAKAROS","KISKOMAROMI-CSATORNA",46.54373,17.1796,33,"TRUE",2,2,0.624,125,106,704,147,149,99.77655,1
"199",2070513970,"3","Count",2014,"G110","bal475","Phoxinus phoxinus",5,4,"S8886","Electrofishing_backpack","Palearctic",2080008490,"HUN","ZALA","NAGYKANIZSAI/ZALAKAROS","KISKOMAROMI-CSATORNA",46.54373,17.1796,33,"TRUE",2,2,0.624,125,106,704,147,149,99.77655,1
"200",2070513970,"3","Count",2014,"G110","bal475","Rhodeus sericeus",29,4,"S8886","Electrofishing_backpack","Palearctic",2080008490,"HUN","ZALA","NAGYKANIZSAI/ZALAKAROS","KISKOMAROMI-CSATORNA",46.54373,17.1796,33,"TRUE",2,2,0.624,125,106,704,147,149,99.77655,1
"201",2070513970,"3","Count",2014,"G110","bal475","Squalius cephalus",4,4,"S8886","Electrofishing_backpack","Palearctic",2080008490,"HUN","ZALA","NAGYKANIZSAI/ZALAKAROS","KISKOMAROMI-CSATORNA",46.54373,17.1796,33,"TRUE",2,2,0.624,125,106,704,147,149,99.77655,1
"202",2070513970,"3","Count",2014,"G117","bal479","Barbatula barbatula",4,4,"S9718","Electrofishing_backpack","Palearctic",2080008490,"HUN","SOMOGY","MARCALI","MAROTVOLGYI-CSATORNA",46.50995,17.29625,33,"TRUE",2,2,0.439,138,107,693,99,99,99.9366,1
"203",2070513970,"3","Count",2014,"G117","bal479","Carassius gibelio",3,4,"S9718","Electrofishing_backpack","Palearctic",2080008490,"HUN","SOMOGY","MARCALI","MAROTVOLGYI-CSATORNA",46.50995,17.29625,33,"TRUE",2,2,0.439,138,107,693,99,99,99.9366,1
"204",2070513970,"3","Count",2014,"G117","bal479","Cobitis elongatoides",18,4,"S9718","Electrofishing_backpack","Palearctic",2080008490,"HUN","SOMOGY","MARCALI","MAROTVOLGYI-CSATORNA",46.50995,17.29625,33,"TRUE",2,2,0.439,138,107,693,99,99,99.9366,1
"205",2070513970,"3","Count",2014,"G117","bal479","Cyprinus carpio",1,4,"S9718","Electrofishing_backpack","Palearctic",2080008490,"HUN","SOMOGY","MARCALI","MAROTVOLGYI-CSATORNA",46.50995,17.29625,33,"TRUE",2,2,0.439,138,107,693,99,99,99.9366,1
"206",2070513970,"3","Count",2014,"G117","bal479","Gobio gobio",23,4,"S9718","Electrofishing_backpack","Palearctic",2080008490,"HUN","SOMOGY","MARCALI","MAROTVOLGYI-CSATORNA",46.50995,17.29625,33,"TRUE",2,2,0.439,138,107,693,99,99,99.9366,1
"207",2070513970,"3","Count",2014,"G117","bal479","Leucaspius delineatus",4,4,"S9718","Electrofishing_backpack","Palearctic",2080008490,"HUN","SOMOGY","MARCALI","MAROTVOLGYI-CSATORNA",46.50995,17.29625,33,"TRUE",2,2,0.439,138,107,693,99,99,99.9366,1
"208",2070513970,"3","Count",2014,"G117","bal479","Pseudorasbora parva",10,4,"S9718","Electrofishing_backpack","Palearctic",2080008490,"HUN","SOMOGY","MARCALI","MAROTVOLGYI-CSATORNA",46.50995,17.29625,33,"TRUE",2,2,0.439,138,107,693,99,99,99.9366,1
"209",2070513970,"3","Count",2014,"G117","bal479","Rhodeus sericeus",34,4,"S9718","Electrofishing_backpack","Palearctic",2080008490,"HUN","SOMOGY","MARCALI","MAROTVOLGYI-CSATORNA",46.50995,17.29625,33,"TRUE",2,2,0.439,138,107,693,99,99,99.9366,1
"210",2070513970,"3","Count",2014,"G117","bal479","Scardinius erythrophthalmus",1,4,"S9718","Electrofishing_backpack","Palearctic",2080008490,"HUN","SOMOGY","MARCALI","MAROTVOLGYI-CSATORNA",46.50995,17.29625,33,"TRUE",2,2,0.439,138,107,693,99,99,99.9366,1
"211",2070513970,"3","Count",2014,"G117","bal479","Squalius cephalus",15,4,"S9718","Electrofishing_backpack","Palearctic",2080008490,"HUN","SOMOGY","MARCALI","MAROTVOLGYI-CSATORNA",46.50995,17.29625,33,"TRUE",2,2,0.439,138,107,693,99,99,99.9366,1
"212",2070513970,"3","Count",2014,"G117","bal479","Tinca tinca",1,4,"S9718","Electrofishing_backpack","Palearctic",2080008490,"HUN","SOMOGY","MARCALI","MAROTVOLGYI-CSATORNA",46.50995,17.29625,33,"TRUE",2,2,0.439,138,107,693,99,99,99.9366,1
